type,id,titre,lieu,etapes,lignes_texte,fond_image,implementation,verification
scene,P01,"Le jardin sous le verre",palace_garden,7,10,oui,données+moteur,vérifié (e2e)
scene,P02,"Les doléances d'Oren",palace_hall,6,7,oui,données+moteur,vérifié (e2e)
scene,P03,"La brèche au-dessus des toits",palace_hall,5,6,oui,données+moteur,vérifié (e2e)
scene,P04,"Les portes d'évacuation",palace_portal,5,8,oui,données+moteur,vérifié (e2e)
scene,P05,"Le prince tombe",palace_portal,9,7,oui,données+moteur,vérifié (e2e)
scene,C01S01,"L'eau dans les branches",forest_arrival,8,8,oui,données+moteur,vérifié (e2e)
scene,C01S02,"Le passage tombé",forest_crossing,6,8,oui,données+moteur,vérifié (e2e)
scene,C01S03,"Une place à la table",lisiere_square,4,10,oui,données+moteur,vérifié (e2e)
scene,C01S04,"Le puits qui attend",lisiere_well,3,9,oui,données+moteur,vérifié (e2e)
scene,C01S05,"Une réponse sans voix",root_shrine,3,8,oui,données+moteur,vérifié (e2e)
scene,C02S01,"L'archiviste dans la boue",forest_crossing,5,11,oui,données+moteur,vérifié (e2e)
scene,C02S02,"La racine que l'on laisse",root_shrine,4,5,oui,données+moteur,vérifié (e2e)
scene,C02S03,"Une chanson mal reconnue",lisiere_square,5,4,oui,données+moteur,vérifié (e2e)
scene,C02S04,"Le bassin privé",river_bank,4,6,oui,données+moteur,vérifié (e2e)
scene,C02S05,"Le soir où l'on décide de partir",lisiere_well,7,8,oui,données+moteur,vérifié (e2e)
scene,C03S01,"La roue sans courant",river_bank,6,7,oui,données+moteur,vérifié (e2e)
scene,C03S02,"La prisonnière aux mains brûlées",river_relay,4,7,oui,données+moteur,vérifié (e2e)
scene,C03S03,"L'eau qui doit passer",water_shrine,4,4,oui,données+moteur,vérifié (e2e)
scene,C03S04,"Ceux des deux rives",river_relay,4,6,oui,données+moteur,vérifié (e2e)
scene,C03S05,"Une dette refusée",river_bank,3,7,oui,données+moteur,vérifié (e2e)
scene,C04S01,"La cité ouverte",miral_gate,3,8,oui,données+moteur,vérifié (e2e)
scene,C04S02,"Les noms sur les bancs",memory_garden,4,6,oui,données+moteur,vérifié (e2e)
scene,C04S03,"Ce qu'une image cache",memory_shrine,4,7,oui,données+moteur,vérifié (e2e)
scene,C04S04,"La Vivante",memory_garden,3,7,oui,données+moteur,vérifié (e2e)
scene,C04S05,"Des mots pour la route",miral_gate,3,5,oui,données+moteur,vérifié (e2e)
scene,C05S01,"Le métal et les couvertures",stellar_dock,4,7,oui,données+moteur,vérifié (e2e)
scene,C05S02,"Le commandant qui connaît la peur",stellar_command,4,7,oui,données+moteur,vérifié (e2e)
scene,C05S03,"Les chiffres qui crient",stellar_lab,5,5,oui,données+moteur,vérifié (e2e)
scene,C05S04,"Une porte dans une porte",chronal_chamber,5,7,oui,données+moteur,vérifié (e2e)
scene,C05S05,"La vérité derrière le quai",stellar_dock,3,6,oui,données+moteur,vérifié (e2e)
scene,C06S01,"Les rayons déplacés",occupied_archive,4,3,oui,données+moteur,vérifié (e2e)
scene,C06S02,"Elyan Aster",archive_core,3,8,oui,données+moteur,vérifié (e2e)
scene,C06S03,"La fondation corrigée",archive_core,3,4,oui,données+moteur,vérifié (e2e)
scene,C06S04,"La dernière phrase du mage",chronal_chamber,3,9,oui,données+moteur,vérifié (e2e)
scene,C06S05,"Le nom que l'on dit soi-même",memory_garden,3,6,oui,données+moteur,vérifié (e2e)
scene,C07S01,"L'avenir dans l'eau",memory_shrine,2,7,oui,données+moteur,vérifié (e2e)
scene,C07S02,"Les issues qui ne sont pas des portes",stellar_lab,3,5,oui,données+moteur,vérifié (e2e)
scene,C07S03,"La famille proposée",stellar_command,4,6,oui,données+moteur,vérifié (e2e)
scene,C07S04,"Se tenir ensemble",root_shrine,3,6,oui,données+moteur,vérifié (e2e)
scene,C07S05,"La carte et les mains",miral_gate,3,5,oui,données+moteur,vérifié (e2e)
scene,C08S01,"Le camp des numéros",valley_camp,4,4,oui,données+moteur,vérifié (e2e)
scene,C08S02,"L'ordre sans métaphore",valley_relay,5,6,oui,données+moteur,vérifié (e2e)
scene,C08S03,"Sortir avec les noms",valley_bridge,7,5,oui,données+moteur,vérifié (e2e)
scene,C08S04,"Ravel au milieu du pont",valley_bridge,4,4,oui,données+moteur,vérifié (e2e)
scene,C08S05,"Ce que l'on peut encore choisir",valley_outlook,3,7,oui,données+moteur,vérifié (e2e)
scene,C09S01,"Le retour à Lisière",lisiere_square,5,6,oui,données+moteur,vérifié (e2e)
scene,C09S02,"L'ingénieure devant la page",stellar_lab,4,4,oui,données+moteur,vérifié (e2e)
scene,C09S03,"Trois conversations sans promesse",lisiere_well,10,7,oui,données+moteur,vérifié (e2e)
scene,C09S04,"L'offre d'un autre commencement",miral_gate,2,5,oui,données+moteur,vérifié (e2e)
scene,C09S05,"Le seuil que l'on peut quitter",core_approach,5,4,oui,données+moteur,vérifié (e2e)
scene,C10S01,"La descente sans ciel",core_approach,4,6,oui,données+moteur,vérifié (e2e)
scene,C10S02,"Le verrou des héritiers",core_gate,4,6,oui,données+moteur,vérifié (e2e)
scene,C10S03,"Le monde qui ne demande pas une couronne",planet_heart,6,5,oui,données+moteur,vérifié (e2e)
scene,C10S04,"Les choses que l'on rend",planet_heart,7,7,oui,données+moteur,vérifié (e2e)
scene,C10S05,"Deux gestes",planet_heart,4,7,oui,données+moteur,vérifié (e2e)
scene,A01,"Défaire l'anneau",planet_heart,4,7,oui,données+moteur,vérifié (e2e)
scene,A02,"Jusqu'à l'arbre",forest_arrival,10,10,oui,données+moteur,vérifié (e2e)
scene,A03,"Une année de vie",lisiere_square,10,7,oui,données+moteur,vérifié (e2e)
scene,B01,"La carte rendue au commandant",planet_heart,4,5,oui,données+moteur,vérifié (e2e)
scene,B02,"Une victoire sans chanson",stellar_command,7,9,oui,données+moteur,vérifié (e2e)
scene,B03,"Le jardin réparé",palace_hall,10,5,oui,données+moteur,vérifié (e2e)
quete,q01,"La pompe de Darel",lisiere_square,5,4,oui,données+moteur,vérifié (e2e)
quete,q02,"Le dessin de Lume",lisiere_square|forest_arrival,5,6,oui|oui,données+moteur,vérifié (e2e)
quete,q03,"Les graines qui attendent",root_shrine|memory_garden,4,2,oui|oui,données+moteur,vérifié (e2e)
quete,q04,"Le sentier de son père",forest_crossing,5,4,oui,données+moteur,vérifié (e2e)
quete,q05,"La roue du meunier",river_bank,3,4,oui,données+moteur,vérifié (e2e)
quete,q06,"Le nom d'Ilan",river_bank|lisiere_square,5,4,oui|oui,données+moteur,vérifié (e2e)
quete,q07,"Les deux versions de la crue",memory_garden,5,3,oui,données+moteur,vérifié (e2e)
quete,q08,"Une chaise pour l'absent",memory_garden|miral_gate|memory_garden,4,2,oui|oui|oui,données+moteur,vérifié (e2e)
quete,q09,"Un repas pour deux cuisines",miral_gate|stellar_dock|miral_gate,3,4,oui|oui|oui,données+moteur,vérifié (e2e)
quete,q10,"Les lettres de l'Aube Basse",stellar_dock,4,3,oui,données+moteur,vérifié (e2e)
quete,q11,"Un relevé sans correction",stellar_lab,4,2,oui,données+moteur,vérifié (e2e)
quete,q12,"Les objets sans propriétaire",valley_camp|memory_garden,5,4,oui|oui,données+moteur,vérifié (e2e)
